GeneSymbol	protein_change	label	conservation_score	esm2_score	prob_conservation	prob_esm2
HBB	Val110Leu	1	1.0	-2.338283061981201	0.864864556164944	0.3452566433677654
HBB	Ala28Ser	1	1.0	-3.170287609100342	0.864864556164944	0.4385514104330462
HBB	Lys145Asn	1	1.0	-1.3789008855819702	0.864864556164944	0.2510497902463993
HBB	Asn20Ser	1	1.0	-3.0364232063293457	0.864864556164944	0.4230512025636878
BRCA1	Met1411Thr	1	1.0	-2.861767768859864	0.864864556164944	0.4030576559748686
TP53	Asn239Lys	1	1.0	1.4358243942260742	0.864864556164944	0.0814903026537459
KRAS	Met72Leu	1	1.0	-3.465592622756958	0.864864556164944	0.4731293922236559
KRAS	Lys147Arg	1	1.0	-2.326880931854248	0.864864556164944	0.3440404402396669
BRCA1	Arg1495Thr	1	1.0	0.6728036403656006	0.864864556164944	0.1128520871605573
TP53	Gly244Ser	1	1.0	-1.8965007066726685	0.864864556164944	0.2997295702364547
COL1A1	Asp1219Asn	1	1.0	-1.9190645217895508	0.864864556164944	0.3019708771147379
HBB	Ala28Thr	1	1.0	-2.371974229812622	0.8615507668531546	0.3498322671374168
TP53	Cys135Ser	1	1.0	-0.9074578285217284	0.8615507668531546	0.2128186040678595
CFTR	Met1Lys	1	1.0	-2.392861604690552	0.8615507668531546	0.3520681713144513
HBB	Ala141Val	1	1.0	0.2120771408081054	0.8615507668531546	0.1377460288234038
BRCA1	Arg1495Met	1	1.0	-0.6045241355895996	0.8615507668531546	0.1899429881252576
HBB	His144Pro	1	1.0	-2.442294120788574	0.8615507668531546	0.3573854710552373
HBB	Glu102Gln	1	1.0	-3.1264474391937256	0.8615507668531546	0.4340819914049062
BRCA1	Gln1395His	1	1.0	-1.036543607711792	0.8615507668531546	0.2231582787226455
TP53	Met246Ile	1	1.0	-1.2275290489196775	0.8615507668531546	0.2391031583999296
